case_type,domain,sub_category,category,required_documents,optional_documents,time_validity,submission_deadline,format_requirements,number_of_copies,stamp_duty_required,notarization_required
NI Act / Cheque Bounce,Criminal Law,IPC-Cheating,Financial,"Cheque copy; Bank statement showing dishonor; Demand notice copy; Postal receipt of notice; Complaint affidavit; Power of Attorney; Return memo from bank","Financial records; Account statement; Transaction history; Communication records; Previous correspondence",3 months from dishonor,30 days from notice receipt,"A4 size; Black ink; Clear photocopies; Original cheque",3,Yes,Yes
NI Act / Cheque Bounce,Criminal Law,IPC-Criminal Breach of Trust,Financial,"Cheque copy; Bank statement showing dishonor; Demand notice copy; Postal receipt of notice; Complaint affidavit; Power of Attorney; Return memo from bank","Financial records; Account statement; Transaction history; Communication records; Previous correspondence",3 months from dishonor,30 days from notice receipt,"A4 size; Black ink; Clear photocopies; Original cheque",3,Yes,Yes
Civil Suits,Civil Law,Contract-Breach,Civil,"Plaint/Petition; Written Statement; Affidavit; Contract copy; Evidence documents; Witness list; Power of Attorney; Legal notice copy; Court fee receipts","Supporting affidavits; Legal notices; Court fee receipt; Previous orders; Correspondence",12 months,As per court notice,"A4 size; Bound with index; Numbered pages; Clear copies",3,Yes,Yes
Civil Suits,Civil Law,Property-Title,Civil,"Plaint/Petition; Written Statement; Affidavit; Evidence documents; Property documents; Witness list; Power of Attorney; Court fee receipts; Title documents","Supporting affidavits; Legal notices; Court fee receipt; Previous orders; Property records",12 months,As per court notice,"A4 size; Bound with index; Numbered pages; Clear copies",3,Yes,Yes
Civil Suits,Civil Law,Torts-Motor Accident,Civil,"FIR copy; Medical reports; Discharge summary; Treatment bills; Disability certificate; Income proof; Driving license; Registration certificate; Insurance policy","Police report; Sketch; Witness statements; Photos; Salary slips; Tax returns",6 months from accident,At claim filing,"A4 size; Medical reports on letterhead; Bills original; Photos",3,Yes,Yes
Writ Petitions,Constitutional Law,Writ-Mandamus,Constitutional,"Writ petition; Affidavit; Supporting documents; Government orders; Constitutional provisions; Case law; Annexures; Grounds; Interim relief","Legal research; Precedents; Expert opinions; Parliamentary records; Constitutional texts",No time limit,Immediate,"A4 size; Bound; Indexed; Legal citations; Section numbers",5,No,Yes
Writ Petitions,Constitutional Law,Writ-Prohibition,Constitutional,"Writ Petition; Affidavit; Annexures; Grounds of challenge; Certified copies of orders; Interim relief application; Government orders","FIR copy; Government orders; Communication records; Media reports; Legal research",No time limit,Immediate,"A4 size; Bound; Indexed; Legal citations",5,No,Yes
Writ Petitions,Constitutional Law,Writ-Habeas Corpus,Constitutional,"Writ petition; Affidavit; Supporting documents; Government orders; Constitutional provisions; Case law; Annexures; Grounds; Interim relief","Legal research; Precedents; Expert opinions; Parliamentary records",No time limit,Immediate,"A4 size; Bound; Indexed; Legal citations",5,No,Yes
Writ Petitions,Constitutional Law,Writ-Certiorari,Constitutional,"Writ Petition; Affidavit; Annexures; Grounds of challenge; Certified copies of orders; Interim relief application; Government orders","FIR copy; Government orders; Communication records; Media reports",No time limit,Immediate,"A4 size; Bound; Indexed; Legal citations",5,No,Yes
Writ Petitions,Constitutional Law,Writ-Quo Warranto,Constitutional,"Writ Petition; Affidavit; Annexures; Grounds of challenge; Certified copies of orders; Interim relief application; Government orders; Public documents","FIR copy; Government orders; Communication records; Media reports",No time limit,Immediate,"A4 size; Bound; Indexed; Legal citations",5,No,Yes
Bail Applications,Criminal Law,IPC-Murder,Criminal,"Bail application; FIR copy; Charge sheet; Medical report; Affidavit; Surety documents; Address proof; Character certificate","Previous bail orders; Witness list; Property documents; Bank statements",Case pending,At time of arrest,"A4 size; Clear copies; Original documents; Photographs",2,No,Yes
Bail Applications,Criminal Law,IPC-Assault,Criminal,"Bail application; FIR copy; Charge sheet; Medical report; Affidavit; Surety documents; Address proof; Character certificate","Previous bail orders; Witness list; Property documents",Case pending,At time of arrest,"A4 size; Clear copies; Original documents",2,No,Yes
Bail Applications,Criminal Law,IPC-Hurt,Criminal,"Bail application; FIR copy; Charge sheet; Medical report; Affidavit; Surety documents; Address proof; Character certificate","Previous bail orders; Witness list; Property documents",Case pending,At time of arrest,"A4 size; Clear copies; Original documents",2,No,Yes
Motor Accident Claims,Civil Law,Torts-Motor Accident,Accident,"FIR copy; Medical reports; Discharge summary; Treatment bills; Disability certificate; Income proof; Driving license; Registration certificate; Insurance policy; Salary slips","Police report; Sketch; Witness statements; Photos; Salary slips; Tax returns",6 months from accident,At claim filing,"A4 size; Medical reports on letterhead; Bills original; Photos",3,Yes,Yes
Criminal Appeals,Criminal Law,IPC-Murder,Criminal,"Appeal petition; Grounds of appeal; Certified copy of judgment; Trial court records; Evidence copies; Grounds for appeal; Affidavit; Section-wise index","FIR copy; Witness statements; Expert reports; Communication; Previous orders",30 days from judgment,Within 30 days,"A4 size; Bound; Indexed; Section numbers; Clear copies",4,No,Yes
Criminal Appeals,Criminal Law,IPC-Cheating,Criminal,"Appeal petition; Grounds of appeal; Certified copy of judgment; Trial court records; Evidence copies; Grounds for appeal; Affidavit; Section-wise index","FIR copy; Witness statements; Expert reports; Communication; Previous orders",30 days from judgment,Within 30 days,"A4 size; Bound; Indexed; Section numbers; Clear copies",4,No,Yes
Criminal Appeals,Criminal Law,IPC-Hurt,Criminal,"Appeal petition; Grounds of appeal; Certified copy of judgment; Trial court records; Evidence copies; Grounds for appeal; Affidavit; Section-wise index","FIR copy; Witness statements; Expert reports; Communication; Previous orders",30 days from judgment,Within 30 days,"A4 size; Bound; Indexed; Section numbers; Clear copies",4,No,Yes
Family Disputes,Family Law,Divorce-Mutual Consent,Family,"Marriage certificate; Matrimonial petition; Affidavit; Income proof; Property documents; Child birth certificates; School records; Custody affidavit; Maintenance documents; Photographs","Photographs; Communication records; Joint bank statements; Medical reports; Family tree",12 months,At filing,"A4 size; Original marriage certificate; Photos; Medical records",3,Yes,Yes
Family Disputes,Family Law,Divorce-Contested,Family,"Marriage certificate; Matrimonial petition; Affidavit; Income proof; Property documents; Child birth certificates; School records; Custody affidavit; Maintenance documents; Photographs","Photographs; Communication records; Joint bank statements; Medical reports; Family tree",12 months,At filing,"A4 size; Original marriage certificate; Photos; Medical records",3,Yes,Yes
Family Disputes,Family Law,Child Custody-Physical,Family,"Marriage certificate; Birth certificates of children; Custody petition; Affidavit; Income proof; School records; Medical records; Communication records; Photographs","Photographs; Joint bank statements; Medical reports; School reports",12 months,At filing,"A4 size; Original documents; Photos; Medical records",3,Yes,Yes
Family Disputes,Family Law,Child Custody-Legal,Family,"Marriage certificate; Birth certificates of children; Custody petition; Affidavit; Income proof; School records; Medical records; Communication records; Photographs","Photographs; Joint bank statements; Medical reports; School reports",12 months,At filing,"A4 size; Original documents; Photos; Medical records",3,Yes,Yes
Family Disputes,Family Law,Maintenance-Spousal,Family,"Marriage certificate; Matrimonial petition; Affidavit; Income proof; Property documents; Custody affidavit; Child birth certificates; School records; Joint bank statements; Photographs","Photographs; Communication records; Joint bank statements; Medical reports",12 months,At filing,"A4 size; Original marriage certificate; Photos; Medical records",3,Yes,Yes
Family Disputes,Family Law,Domestic Violence-Physical,Family,"Marriage certificate; Matrimonial petition; Affidavit; Medical reports; FIR copy; Photographs; Communication records; Protection order application; DV complaint","Photographs; Communication records; Joint bank statements; Medical reports",12 months,At filing,"A4 size; Original marriage certificate; Photos; Medical records",3,Yes,Yes
Family Disputes,Family Law,Inheritance-Intestate,Family,"Death certificate; Legal heir certificate; Succession certificate; Property documents; Affidavit; Family tree; No objection certificate; Bank statements; Tax receipts","Old tax receipts; Lease agreements; Utility bills; Photographs; Survey records",12 years,At filing,"A4 size; Original documents; Revenue stamps; Family tree",3,Yes,Yes
Property Disputes,Property Law,Land-Boundary,Property,"Sale deed; Title deed; Encumbrance certificate; Property tax receipts; Possession proof; Survey map; Boundary documents; Mutation extract; Notice of demand; Revenue records","Old tax receipts; Lease agreements; Utility bills; Photographs; Survey records; Maps",12 years,At filing,"A3/A4 size; Revenue stamps; Clear photocopies; Maps",3,Yes,Yes
Property Disputes,Property Law,Land-Encroachment,Property,"Sale deed; Title deed; Encumbrance certificate; Property tax receipts; Possession proof; Survey map; Boundary documents; Mutation extract; Notice of demand; Revenue records","Old tax receipts; Lease agreements; Utility bills; Photographs; Survey records; Maps",12 years,At filing,"A3/A4 size; Revenue stamps; Clear photocopies; Maps",3,Yes,Yes
Property Disputes,Property Law,Building-Construction,Property,"Sale deed; Title deed; Encumbrance certificate; Property tax receipts; Possession proof; Survey map; Boundary documents; Mutation extract; Building plan; NOC; Construction documents","Old tax receipts; Lease agreements; Utility bills; Photographs; Survey records; Maps",12 years,At filing,"A3/A4 size; Revenue stamps; Clear photocopies; Maps",3,Yes,Yes
Property Disputes,Property Law,Land-Title,Property,"Sale deed; Title deed; Encumbrance certificate; Property tax receipts; Possession proof; Survey map; Boundary documents; Mutation extract; Title search report; Revenue records","Old tax receipts; Lease agreements; Utility bills; Photographs; Survey records; Maps",12 years,At filing,"A3/A4 size; Revenue stamps; Clear photocopies; Maps",3,Yes,Yes
Property Disputes,Property Law,Housing-Society,Property,"Sale deed; Title deed; Encumbrance certificate; Property tax receipts; Possession proof; Society membership; Share certificate; Maintenance records; NOC; Society documents","Old tax receipts; Lease agreements; Utility bills; Photographs; Survey records; Society minutes",12 years,At filing,"A3/A4 size; Revenue stamps; Clear photocopies; Society documents",3,Yes,Yes
Property Disputes,Property Law,Lease-Commercial,Property,"Lease agreement; Rent receipts; Property documents; ID proof; Address proof; NOC; Registration certificate; Stamp paper; Affidavit","Bank statements; Previous lease copy; Utility bills; Photos of property",12 months,At filing,"A4 size; Original documents; Stamp paper; Notarized copies",3,Yes,Yes
Property Disputes,Property Law,Mortgage-Dispute,Property,"Mortgage deed; Loan agreement; Property documents; Title deed; Encumbrance certificate; Default notice; Account statements; Recovery demand letter; Property valuation","Financial statements; Income proof; Tax returns; Security documents; Property papers",12 years,At filing,"A4 size; Original mortgage documents; Stamp paper; Clear copies",3,Yes,Yes
Consumer Protection,Consumer Law,Products-Electronic,Consumer,"Complaint petition; Invoice/Receipt; Warranty card; Evidence of defect; Expert report; Affidavit; Communication records; Product photos; Purchase details","Product photos; Correspondence; Lawyer's notice; Test reports; Bills",2 years from cause,At filing,"A4 size; Product photos; Original bills; Clear copies",3,Yes,Yes
Consumer Protection,Consumer Law,Products-Vehicles,Consumer,"Complaint petition; Invoice/Receipt; Warranty card; Evidence of defect; Expert report; Affidavit; Communication records; Product photos; Service records","Product photos; Correspondence; Lawyer's notice; Test reports; Bills",2 years from cause,At filing,"A4 size; Product photos; Original bills; Clear copies",3,Yes,Yes
Consumer Protection,Consumer Law,Services-Health,Consumer,"Complaint petition; Invoice/Receipt; Warranty card; Evidence of defect; Expert report; Affidavit; Communication records; Medical records; Treatment history","Product photos; Correspondence; Lawyer's notice; Test reports; Medical bills",2 years from cause,At filing,"A4 size; Product photos; Original bills; Medical records",3,Yes,Yes
Consumer Protection,Consumer Law,Services-Travel,Consumer,"Complaint petition; Invoice/Receipt; Warranty card; Evidence of defect; Expert report; Affidavit; Communication records; Travel itinerary; Booking confirmation","Product photos; Correspondence; Lawyer's notice; Test reports; Travel documents",2 years from cause,At filing,"A4 size; Product photos; Original bills; Travel documents",3,Yes,Yes
Consumer Protection,Consumer Law,Practices-E-commerce,Consumer,"Complaint petition; Invoice/Receipt; Warranty card; Evidence of defect; Expert report; Affidavit; Communication records; Screenshots; Order details; Payment proof","Product photos; Correspondence; Lawyer's notice; Test reports; Screenshots",2 years from cause,At filing,"A4 size; Product photos; Original bills; Screenshots",3,Yes,Yes
Consumer Protection,Consumer Law,Practices-Misleading Ads,Consumer,"Complaint petition; Invoice/Receipt; Warranty card; Evidence of defect; Expert report; Affidavit; Communication records; Advertisement copy; Product details","Product photos; Correspondence; Lawyer's notice; Test reports; Advertisements",2 years from cause,At filing,"A4 size; Product photos; Original bills; Advertisement copies",3,Yes,Yes
Labour & Employment Disputes,Labour Law,Industrial-Layoff,Employment,"Appointment letter; Termination order; Payslips; Show cause notice; Domestic inquiry report; Charge sheet; Written statement; Demand notice; Union representation; Attendance records","Attendance records; Performance reviews; Medical records; Leave records; Communication",6 months from termination,At filing,"A4 size; Official correspondence; Appointment letter; Records",3,Yes,No
Labour & Employment Disputes,Labour Law,Wages-Minimum,Employment,"Appointment letter; Payslips; Wage agreement; Demand notice; Written statement; Attendance records; Union representation; Wage records","Attendance records; Performance reviews; Medical records; Leave records; Wage slips",6 months,At filing,"A4 size; Official correspondence; Appointment letter; Records",3,Yes,No
Labour & Employment Disputes,Labour Law,Termination-Wrongful,Employment,"Appointment letter; Termination order; Payslips; Show cause notice; Domestic inquiry report; Charge sheet; Written statement; Demand notice; Union representation; Service records","Attendance records; Performance reviews; Medical records; Leave records; Communication",6 months from termination,At filing,"A4 size; Official correspondence; Appointment letter; Records",3,Yes,No
Labour & Employment Disputes,Labour Law,Service-Promotion,Employment,"Appointment letter; Service record; Promotion order; Seniority list; Performance reviews; Written statement; Representation; Departmental rules; Communication","Attendance records; Performance reviews; Medical records; Leave records; Service records",6 months,At filing,"A4 size; Official correspondence; Appointment letter; Records",3,Yes,No
Labour & Employment Disputes,Labour Law,Harassment-Sexual,Employment,"Appointment letter; Complaint; FIR; Internal committee report; Witness statements; Evidence; Affidavit; Communication; Medical records","Attendance records; Performance reviews; Medical records; Leave records; Communication",6 months,At filing,"A4 size; Official correspondence; Appointment letter; Sealed records",3,Yes,No
Labour & Employment Disputes,Labour Law,Compensation-Accident,Employment,"Appointment letter; Accident report; Medical reports; Disability certificate; Compensation claim; FIR; Employer details; Witness statements; Treatment records","Attendance records; Performance reviews; Medical records; Leave records; Investigation",6 months,At filing,"A4 size; Official correspondence; Medical records; Compensation forms",3,Yes,No
Corporate & Commercial Law,Corporate Law,Director-Conflict,Corporate,"Board resolution; Shareholders agreement; Memorandum of Association; Articles of Association; Balance sheet; Profit loss; Legal notice; Affidavit; Company documents; Minutes of meetings","Minutes of meetings; Annual reports; Audit reports; Communication; Shareholder records",3 years,At filing,"A4 size; Company seal; Certified copies; Bound",4,Yes,Yes
Corporate & Commercial Law,Corporate Law,Shareholder-Issues,Corporate,"Board resolution; Shareholders agreement; Memorandum of Association; Articles of Association; Balance sheet; Profit loss; Legal notice; Affidavit; Company documents; Shareholder records","Minutes of meetings; Annual reports; Audit reports; Communication; Shareholder records",3 years,At filing,"A4 size; Company seal; Certified copies; Bound",4,Yes,Yes
Corporate & Commercial Law,Corporate Law,Oppression-Mismanagement,Corporate,"Board resolution; Shareholders agreement; Memorandum of Association; Articles of Association; Balance sheet; Profit loss; Legal notice; Affidavit; Company documents; Complaints","Minutes of meetings; Annual reports; Audit reports; Communication; Shareholder records",3 years,At filing,"A4 size; Company seal; Certified copies; Bound",4,Yes,Yes
Corporate & Commercial Law,Corporate Law,Contract-Breach,Corporate,"Board resolution; Shareholders agreement; Memorandum of Association; Articles of Association; Balance sheet; Profit loss; Legal notice; Affidavit; Company documents; Contract copy","Minutes of meetings; Annual reports; Audit reports; Communication; Shareholder records",3 years,At filing,"A4 size; Company seal; Certified copies; Bound",4,Yes,Yes
Corporate & Commercial Law,Corporate Law,Arbitration-Challenge,Corporate,"Arbitration agreement; Statement of claim; Statement of defense; Documents; Witness list; Evidence; Appointment notice; Award; Financial statements; Challenge grounds","All previous correspondence; Email exchanges; Expert reports; Investigations; Notes",12 months,At filing,"A4 size; Numbered pages; Indexed; Original agreement",4,Yes,Yes
Corporate & Commercial Law,Corporate Law,Arbitration-Enforcement,Corporate,"Arbitration agreement; Statement of claim; Statement of defense; Documents; Witness list; Evidence; Appointment notice; Award; Financial statements; Enforcement petition","All previous correspondence; Email exchanges; Expert reports; Investigations; Notes",12 months,At filing,"A4 size; Numbered pages; Indexed; Original agreement",4,Yes,Yes
Banking & Debt Recovery,Corporate Law,Contract-Breach,Financial,"Loan agreement; Mortgage deed; Promissory note; Guarantee agreement; Default notice; Account statements; Recovery demand letter; Property valuation report; Financial statements; NPA declaration","Financial statements; Income proof; Tax returns; Security documents; Property papers",3 years from default,At filing,"A4 size; Original loan documents; Stamp paper; Clear copies",3,Yes,Yes
Banking & Debt Recovery,Corporate Law,Corporate-Fraud,Financial,"Loan agreement; Mortgage deed; Promissory note; Guarantee agreement; Default notice; Account statements; Recovery demand letter; Property valuation report; Financial statements; Fraud complaint","Financial statements; Income proof; Tax returns; Security documents; Property papers",3 years from default,At filing,"A4 size; Original loan documents; Stamp paper; Clear copies",3,Yes,Yes
Banking & Debt Recovery,Corporate Law,Insolvency,Financial,"Loan agreement; Mortgage deed; Promissory note; Guarantee agreement; Default notice; Account statements; Recovery demand letter; Property valuation report; Financial statements; Insolvency petition","Financial statements; Income proof; Tax returns; Security documents; Property papers",3 years from default,At filing,"A4 size; Original loan documents; Stamp paper; Clear copies",3,Yes,Yes
Intellectual Property,Civil Law,Trade Mark,IP,"Application form; Specimen/trademark/design; Power of Attorney; Claim details; Description; Drawings; Priority documents; Renewal request; Affidavit; Specification","Market research; User affidavits; Registration certificates; Licenses; Priority documents",File at application,At filing,"A4 size; Drawings on separate sheets; CD/DVD; Clear copies",3,Yes,Yes
Intellectual Property,Civil Law,Copyright,IP,"Application form; Specimen/trademark/design; Power of Attorney; Claim details; Description; Drawings; Priority documents; Renewal request; Affidavit; Work sample","Market research; User affidavits; Registration certificates; Licenses; Priority documents",File at application,At filing,"A4 size; Drawings on separate sheets; CD/DVD; Clear copies",3,Yes,Yes
Intellectual Property,Civil Law,Patent,IP,"Application form; Claim details; Description; Drawings; Priority documents; Renewal request; Affidavit; Specification; Abstract; Claims","Market research; User affidavits; Registration certificates; Licenses; Priority documents",File at application,At filing,"A4 size; Drawings on separate sheets; CD/DVD; Clear copies",3,Yes,Yes
Intellectual Property,Civil Law,Design,IP,"Application form; Design drawings; Description; Power of Attorney; Priority documents; Affidavit; Renewal request; Design representation","Market research; User affidavits; Registration certificates; Licenses; Drawings",File at application,At filing,"A4 size; Drawings on separate sheets; CD/DVD; Clear copies",3,Yes,Yes
Intellectual Property,Civil Law,Geographical Indication,IP,"Application form; Specimen/trademark/design; Power of Attorney; Claim details; Description; Drawings; Priority documents; Renewal request; Affidavit; Product description","Market research; User affidavits; Registration certificates; Licenses; Priority documents",File at application,At filing,"A4 size; Drawings on separate sheets; CD/DVD; Clear copies",3,Yes,Yes
Tax Law (Direct & Indirect),Administrative Law,Taxation-Property,Tax,"Assessment order; Returns (ITR/GST); Demand notice; Appeal memo; Account books; Financial statements; Payment receipts; Notice of demand; Audit report; Computation sheet","Audit reports; Tax payment challans; Correspondence; Assessments; Ledger",30 days from order,Within 30 days,"A4 size; Printed; Bound; Indexed; Section references",4,Yes,Yes
Tax Law (Direct & Indirect),Administrative Law,Taxation-Service,Tax,"Assessment order; Returns (ITR/GST); Demand notice; Appeal memo; Account books; Financial statements; Payment receipts; Notice of demand; Audit report; GST returns","Audit reports; Tax payment challans; Correspondence; Assessments; GST records",30 days from order,Within 30 days,"A4 size; Printed; Bound; Indexed; Section references",4,Yes,Yes
Tax Law (Direct & Indirect),Administrative Law,Taxation-Professional,Tax,"Assessment order; Returns (ITR/GST); Demand notice; Appeal memo; Account books; Financial statements; Payment receipts; Notice of demand; Audit report; Professional tax returns","Audit reports; Tax payment challans; Correspondence; Assessments; Professional tax records",30 days from order,Within 30 days,"A4 size; Printed; Bound; Indexed; Section references",4,Yes,Yes
Cyber Crime & IT Act,Criminal Law,Cyber Crime-Hacking,Criminal,"FIR; Complaint; Electronic evidence; CD/DVD/Screenshots; Hard disk/device; Expert report; IP logs; Communication records; Affidavit; Forensic report","Server logs; Emails; Chat logs; Digital signatures; Certificate from ISP; Call records",Immediate,At complaint filing,"Digital media; Printouts; Clear copies; Original devices",3,No,Yes
Cyber Crime & IT Act,Criminal Law,Cyber Crime-Identity Theft,Criminal,"FIR; Complaint; Electronic evidence; CD/DVD/Screenshots; Hard disk/device; Expert report; IP logs; Communication records; Affidavit; Forensic report; Identity documents","Server logs; Emails; Chat logs; Digital signatures; Certificate from ISP; Identity proof",Immediate,At complaint filing,"Digital media; Printouts; Clear copies; Original devices",3,No,Yes
Cyber Crime & IT Act,Criminal Law,Cyber Crime-Phishing,Criminal,"FIR; Complaint; Electronic evidence; CD/DVD/Screenshots; Hard disk/device; Expert report; IP logs; Communication records; Affidavit; Forensic report; Phishing emails","Server logs; Emails; Chat logs; Digital signatures; Certificate from ISP; Email records",Immediate,At complaint filing,"Digital media; Printouts; Clear copies; Original devices",3,No,Yes
Cyber Crime & IT Act,Criminal Law,Cyber Crime-Cyber Stalking,Criminal,"FIR; Complaint; Electronic evidence; CD/DVD/Screenshots; Hard disk/device; Expert report; IP logs; Communication records; Affidavit; Forensic report; Harassment evidence","Server logs; Emails; Chat logs; Digital signatures; Certificate from ISP; Social media records",Immediate,At complaint filing,"Digital media; Printouts; Clear copies; Original devices",3,No,Yes
Insurance Claims,Consumer Law,Services-Insurance,Consumer,"Insurance policy; Claim form; Medical reports; Discharge certificate; Medical bills; Income proof; FIR/Police report; Death certificate; Hospital records; Claim denial letter","Doctor's certificate; Test reports; Treatment records; Photos; Police report",12 months from incident,At filing,"A4 size; Original policy; Medical records; Photos",3,No,Yes
Insurance Claims,Consumer Law,Torts-Motor Accident,Consumer,"Insurance policy; Claim form; Medical reports; Discharge certificate; Medical bills; Income proof; FIR/Police report; Death certificate; Hospital records; Claim denial letter","Doctor's certificate; Test reports; Treatment records; Photos; Police report",12 months from incident,At filing,"A4 size; Original policy; Medical records; Photos",3,No,Yes
Environmental Law,Criminal Law,Environment-Pollution,Environmental,"Complaint; Expert report; Site inspection report; Photographs; Affidavit; NOC from PCB; Laboratory reports; Consent orders; Government orders; Notice","Environmental impact report; Public hearing records; Document of violation; Photos; Maps",6 months,At filing,"A4 size; Bound; Photos; Maps; Reports",4,No,Yes
Environmental Law,Criminal Law,Environment-Forest,Environmental,"Complaint; Expert report; Site inspection report; Photographs; Affidavit; NOC from Forest Department; Laboratory reports; Consent orders; Government orders; Notice","Environmental impact report; Public hearing records; Document of violation; Photos; Maps",6 months,At filing,"A4 size; Bound; Photos; Maps; Reports",4,No,Yes
Human Rights & PIL,Constitutional Law,PIL-Public Interest,Constitutional,"PIL petition; Affidavit; Supporting documents; Newspaper reports; Government reports; Expert reports; Communication; Public interest evidence; Media clippings; Survey reports","Photographs; Videos; Witness statements; Survey reports; Expert opinions",No time limit,Immediate,"A4 size; Bound; Indexed; Media clippings; Photos",5,No,Yes
Human Rights & PIL,Constitutional Law,Fundamental Rights-Article 14,Constitutional,"PIL petition; Affidavit; Supporting documents; Newspaper reports; Government reports; Expert reports; Communication; Public interest evidence; Constitutional arguments","Photographs; Videos; Witness statements; Survey reports; Expert opinions",No time limit,Immediate,"A4 size; Bound; Indexed; Media clippings; Photos",5,No,Yes
Human Rights & PIL,Constitutional Law,Fundamental Rights-Article 15,Constitutional,"PIL petition; Affidavit; Supporting documents; Newspaper reports; Government reports; Expert reports; Communication; Public interest evidence; Constitutional arguments","Photographs; Videos; Witness statements; Survey reports; Expert opinions",No time limit,Immediate,"A4 size; Bound; Indexed; Media clippings; Photos",5,No,Yes
Human Rights & PIL,Constitutional Law,Fundamental Rights-Article 19,Constitutional,"PIL petition; Affidavit; Supporting documents; Newspaper reports; Government reports; Expert reports; Communication; Public interest evidence; Constitutional arguments","Photographs; Videos; Witness statements; Survey reports; Expert opinions",No time limit,Immediate,"A4 size; Bound; Indexed; Media clippings; Photos",5,No,Yes
Human Rights & PIL,Constitutional Law,Fundamental Rights-Article 21,Constitutional,"PIL petition; Affidavit; Supporting documents; Newspaper reports; Government reports; Expert reports; Communication; Public interest evidence; Constitutional arguments","Photographs; Videos; Witness statements; Survey reports; Expert opinions",No time limit,Immediate,"A4 size; Bound; Indexed; Media clippings; Photos",5,No,Yes
Arbitration & Mediation,Corporate Law,Arbitration-Enforcement,Commercial,"Arbitration agreement; Statement of claim; Statement of defense; Documents; Witness list; Evidence; Appointment notice; Award; Financial statements; Terms of reference","All previous correspondence; Email exchanges; Expert reports; Investigations; Notes",12 months,At filing,"A4 size; Numbered pages; Indexed; Original agreement",4,Yes,Yes
Arbitration & Mediation,Corporate Law,Arbitration-Challenge,Commercial,"Arbitration agreement; Statement of claim; Statement of defense; Documents; Witness list; Evidence; Appointment notice; Award; Financial statements; Challenge grounds","All previous correspondence; Email exchanges; Expert reports; Investigations; Notes",12 months,At filing,"A4 size; Numbered pages; Indexed; Original agreement",4,Yes,Yes
Arbitration & Mediation,Corporate Law,Arbitration-International,Commercial,"Arbitration agreement; Statement of claim; Statement of defense; Documents; Witness list; Evidence; Appointment notice; Award; Financial statements; International provisions","All previous correspondence; Email exchanges; Expert reports; Investigations; Notes",12 months,At filing,"A4 size; Numbered pages; Indexed; Original agreement",4,Yes,Yes
Arbitration & Mediation,Corporate Law,Arbitration-Appointment,Commercial,"Arbitration agreement; Statement of claim; Statement of defense; Documents; Witness list; Evidence; Appointment notice; Award; Financial statements; Appointment application","All previous correspondence; Email exchanges; Expert reports; Investigations; Notes",12 months,At filing,"A4 size; Numbered pages; Indexed; Original agreement",4,Yes,Yes
Real Estate & RERA,Property Law,Lease-Residential,Property,"RERA registration; Agreement for sale; Payment receipts; Completion certificate; Occupancy certificate; Building plan; Architecture design; NOC; Affidavit; Evidence; Project details","Clearance certificates; Utility connections; Municipal tax receipts; Property tax; Approvals",File at registration,At filing,"A4 size; Plans on letterhead; Certified copies; Maps",3,Yes,Yes
Real Estate & RERA,Property Law,Housing-Society,Property,"RERA registration; Agreement for sale; Payment receipts; Completion certificate; Occupancy certificate; Building plan; Architecture design; NOC; Affidavit; Evidence; Society documents","Clearance certificates; Utility connections; Municipal tax receipts; Property tax; Approvals",File at registration,At filing,"A4 size; Plans on letterhead; Certified copies; Maps",3,Yes,Yes
Real Estate & RERA,Property Law,Building-Construction,Property,"RERA registration; Agreement for sale; Payment receipts; Completion certificate; Occupancy certificate; Building plan; Architecture design; NOC; Affidavit; Evidence; Construction documents","Clearance certificates; Utility connections; Municipal tax receipts; Property tax; Approvals",File at registration,At filing,"A4 size; Plans on letterhead; Certified copies; Maps",3,Yes,Yes
Real Estate & RERA,Property Law,Lease-Commercial,Property,"RERA registration; Agreement for sale; Payment receipts; Completion certificate; Occupancy certificate; Building plan; Architecture design; NOC; Affidavit; Evidence; Lease agreement","Clearance certificates; Utility connections; Municipal tax receipts; Property tax; Approvals",File at registration,At filing,"A4 size; Plans on letterhead; Certified copies; Maps",3,Yes,Yes
Immigration & Passport Matters,Administrative Law,Licensing,Immigration,"Passport application; Visa application; Passport size photos; Travel itinerary; Hotel booking; Financial proof; Employment letter; Income tax returns; Sponsorship letter; Address proof; Cover letter","Ticket copies; Travel insurance; Police clearance; Medical reports; Qualifications; Certificates",10 years/At application,At filing,"Recent photos; Format as per specifications; Clear copies",2,Yes,No
Immigration & Passport Matters,Administrative Law,Service-Transfer,Immigration,"Passport application; Visa application; Passport size photos; Travel itinerary; Hotel booking; Financial proof; Employment letter; Income tax returns; Sponsorship letter; Address proof; Transfer documents","Ticket copies; Travel insurance; Police clearance; Medical reports; Qualifications; Certificates",10 years/At application,At filing,"Recent photos; Format as per specifications; Clear copies",2,Yes,No
Medical Negligence,Civil Law,Torts-Medical Negligence,Civil/Tort,"Medical records; Treatment history; Prescription; Discharge summary; Medical bills; Expert report; FIR; Complaint; Affidavit; Medical literature; Consent forms","Photos; Witness statements; Consent forms; Medical board opinion; Test reports",2 years from incident,At filing,"A4 size; Original medical records; Doctors notes; Photos",3,Yes,Yes
Medical Negligence,Civil Law,Services-Health,Civil/Tort,"Medical records; Treatment history; Prescription; Discharge summary; Medical bills; Expert report; FIR; Complaint; Affidavit; Medical literature; Consent forms","Photos; Witness statements; Consent forms; Medical board opinion; Test reports",2 years from incident,At filing,"A4 size; Original medical records; Doctors notes; Photos",3,Yes,Yes
Constitutional Law,Constitutional Law,Fundamental Rights-Article 14,Constitutional,"Writ petition; Affidavit; Supporting documents; Government orders; Constitutional provisions; Case law; Annexures; Grounds; Interim relief; Legal citations","Legal research; Precedents; Expert opinions; Parliamentary records; Constitutional texts",No time limit,Immediate,"A4 size; Bound; Indexed; Legal citations; Section numbers",5,No,Yes
Constitutional Law,Constitutional Law,Fundamental Rights-Article 15,Constitutional,"Writ petition; Affidavit; Supporting documents; Government orders; Constitutional provisions; Case law; Annexures; Grounds; Interim relief; Legal citations","Legal research; Precedents; Expert opinions; Parliamentary records; Constitutional texts",No time limit,Immediate,"A4 size; Bound; Indexed; Legal citations; Section numbers",5,No,Yes
Constitutional Law,Constitutional Law,Writ-Habeas Corpus,Constitutional,"Writ petition; Affidavit; Supporting documents; Government orders; Constitutional provisions; Case law; Annexures; Grounds; Interim relief; Detention order","Legal research; Precedents; Expert opinions; Parliamentary records; Constitutional texts",No time limit,Immediate,"A4 size; Bound; Indexed; Legal citations; Section numbers",5,No,Yes
Constitutional Law,Constitutional Law,Writ-Mandamus,Constitutional,"Writ petition; Affidavit; Supporting documents; Government orders; Constitutional provisions; Case law; Annexures; Grounds; Interim relief; Mandamus grounds","Legal research; Precedents; Expert opinions; Parliamentary records; Constitutional texts",No time limit,Immediate,"A4 size; Bound; Indexed; Legal citations; Section numbers",5,No,Yes
POCSO & Juvenile Justice,Criminal Law,IPC-Rape,Criminal,"FIR; Medical report; Statement under Section 164; Child's statement; Charge sheet; Medical examination; Victim impact statement; Counsel details; Bail application; Child protection plan","Psychology report; School records; Child protection plan; Witness list; Support documents",Immediate,Immediate,"Confidential; Sealed cover; Special formatting; Medical reports",2,No,Yes
POCSO & Juvenile Justice,Criminal Law,IPC-Gang Rape,Criminal,"FIR; Medical report; Statement under Section 164; Child's statement; Charge sheet; Medical examination; Victim impact statement; Counsel details; Bail application; Child protection plan","Psychology report; School records; Child protection plan; Witness list; Support documents",Immediate,Immediate,"Confidential; Sealed cover; Special formatting; Medical reports",2,No,Yes
POCSO & Juvenile Justice,Criminal Law,IPC-Acid Attack,Criminal,"FIR; Medical report; Statement under Section 164; Child's statement; Charge sheet; Medical examination; Victim impact statement; Counsel details; Bail application; Child protection plan","Psychology report; School records; Child protection plan; Witness list; Support documents",Immediate,Immediate,"Confidential; Sealed cover; Special formatting; Medical reports",2,No,Yes
Anti-Corruption & Vigilance,Criminal Law,IPC-Cheating,Criminal,"Complaint; FIR; Charge sheet; Sanction order; Trap report; Panchnama; Forensic report; Audio/video evidence; Asset records; Explanation; Witness list","Income records; Property records; Bank statements; Witnesses; Surveillance records",6 months,At filing,"A4 size; Sealed cover; Original documents; Audio/video evidence",3,No,Yes
Anti-Corruption & Vigilance,Criminal Law,IPC-Criminal Breach of Trust,Criminal,"Complaint; FIR; Charge sheet; Sanction order; Trap report; Panchnama; Forensic report; Audio/video evidence; Asset records; Explanation; Witness list","Income records; Property records; Bank statements; Witnesses; Surveillance records",6 months,At filing,"A4 size; Sealed cover; Original documents; Audio/video evidence",3,No,Yes
Company / Insolvency (NCLT-NCLAT),Corporate Law,Oppression-Mismanagement,Corporate,"Application; Balance sheet; Profit loss; Debt details; Security documents; Committee of Creditors report; Resolution plan; Affidavit; Audited accounts; Registration details; Compliance certificate","Board resolution; Shareholder records; MCA records; Bank statements; Project reports; Minutes",1 year,At filing,"A4 size; Bound; Indexed; Original documents; Company seal",4,Yes,Yes
Company / Insolvency (NCLT-NCLAT),Corporate Law,Insolvency,Corporate,"Application; Balance sheet; Profit loss; Debt details; Security documents; Committee of Creditors report; Resolution plan; Affidavit; Audited accounts; Registration details; Compliance certificate","Board resolution; Shareholder records; MCA records; Bank statements; Project reports; Minutes",1 year,At filing,"A4 size; Bound; Indexed; Original documents; Company seal",4,Yes,Yes
Company / Insolvency (NCLT-NCLAT),Corporate Law,Arbitration-Enforcement,Corporate,"Application; Balance sheet; Profit loss; Debt details; Security documents; Committee of Creditors report; Resolution plan; Affidavit; Audited accounts; Registration details; Arbitration award","Board resolution; Shareholder records; MCA records; Bank statements; Project reports; Minutes",1 year,At filing,"A4 size; Bound; Indexed; Original documents; Company seal",4,Yes,Yes